unit,change,cases,deaths
London,25.35211267605635,121.5,3.33
Durham,77.72727272727275,167.4,4.95
Halton,-25.26315789473685,151.0,3.83
Hamilton,26.351351351351354,173.8,4.32
Ottawa,47.1875,141.1,4.36
Waterloo,-8.333333333333343,173.8,3.66
Windsor,29.45736434108528,296.3,8.91
