unit,change,cases,deaths
London,10.606060606060595,126.1,3.41
Durham,63.690476190476176,180.8,3.75
Halton,-2.1551724137931103,158.9,4.56
Hamilton,-41.98473282442748,183.1,4.49
Ottawa,-1.818181818181813,150.2,4.18
Waterloo,-13.227513227513228,181.2,5.37
Windsor,-16.666666666666657,303.2,9.5
