unit,change,cases,deaths
London,-7.89473684210526,122.4,3.38
Durham,-9.887005649717523,171.0,4.39
Halton,-9.696969696969688,153.1,9.26
Hamilton,25.581395348837205,176.1,5.05
Ottawa,-18.961625282167034,143.8,4.04
Waterloo,-3.7037037037037095,177.0,3.73
Windsor,-49.73262032085562,298.2,4.39
