unit,change,cases,deaths
London,2.564102564102555,122.4,3.36
Durham,-18.537859007832907,170.4,4.04
Halton,16.66666666666667,152.9,4.39
Hamilton,-4.026845637583904,175.5,4.39
Ottawa,-16.025641025641022,143.7,5.02
Waterloo,16.36363636363636,176.8,9.24
Windsor,-38.17204301075269,298.1,3.73
