unit,change,cases,deaths
London,-14.102564102564102,122.5,3.38
Durham,10.91445427728614,171.8,9.26
Halton,-29.255319148936167,153.3,5.05
Hamilton,29.71014492753622,176.1,4.09
Ottawa,-12.878787878787875,144.0,4.39
Waterloo,-23.04964539007092,177.4,3.75
Windsor,-53.51351351351351,298.4,4.4
