unit,change,cases,deaths
London,0.0,121.4,3.28
Durham,64.65517241379311,167.1,4.91
Halton,-30.622009569377994,150.8,3.83
Hamilton,19.39393939393939,173.6,4.32
Ottawa,69.93006993006995,140.7,4.34
Waterloo,-38.095238095238095,173.2,3.66
Windsor,9.629629629629633,296.1,8.88
