unit,change,cases,deaths
London,-1.538461538461533,122.9,3.38
Durham,4.093567251461991,172.5,5.09
Halton,-22.330097087378647,154.2,4.09
Hamilton,31.159420289855063,176.6,4.4
Ottawa,-38.63134657836645,144.7,4.43
Waterloo,-45.945945945945944,178.0,3.75
Windsor,-0.8064516129032313,299.2,9.33
