unit,change,cases,deaths
London,47.16981132075472,121.8,3.34
Durham,0.29585798816566466,168.8,3.95
Halton,2.7322404371584668,152.2,4.37
Hamilton,-24.59016393442623,174.6,3.66
Ottawa,-21.584158415841586,142.3,4.98
Waterloo,94.48275862068965,175.5,9.03
Windsor,94.73684210526315,297.3,4.32
