unit,change,cases,deaths
London,162.9139072847682,129.8,3.41
Durham,189.61748633879785,186.3,4.21
Halton,93.33333333333334,161.6,4.49
Hamilton,-7.89473684210526,185.1,4.57
Ottawa,76.57142857142858,153.6,3.77
Waterloo,62.85714285714286,182.8,5.44
Windsor,41.666666666666686,306.0,9.52
