unit,change,cases,deaths
London,0.0,123.4,3.38
Durham,18.91025641025641,173.2,9.36
Halton,25.595238095238088,154.8,5.16
Hamilton,62.93706293706293,177.6,4.09
Ottawa,-15.521628498727736,145.5,4.4
Waterloo,-23.828125,178.6,4.44
Windsor,13.913043478260875,299.9,3.75
