unit,change,cases,deaths
London,-57.93650793650794,121.0,3.26
Durham,55.04587155963304,166.4,4.29
Halton,-15.277777777777786,150.5,4.89
Hamilton,-16.818181818181827,173.4,3.83
Ottawa,98.03921568627453,140.4,4.33
Waterloo,-46.49446494464945,172.9,8.79
Windsor,-46.62921348314607,295.2,3.66
