unit,change,cases,deaths
London,28.03030303030303,126.6,3.41
Durham,89.88095238095238,182.1,3.75
Halton,5.172413793103445,159.2,4.56
Hamilton,-33.07888040712467,183.7,4.49
Ottawa,7.070707070707073,150.6,4.18
Waterloo,-6.878306878306887,181.5,5.37
Windsor,4.938271604938265,304.0,9.5
