unit,change,cases,deaths
London,-28.735632183908038,122.1,3.38
Durham,-9.162303664921467,169.6,3.73
Halton,47.586206896551744,152.7,3.97
Hamilton,-30.456852791878177,174.9,4.98
Ottawa,-6.995884773662553,143.0,4.37
Waterloo,142.65734265734267,176.3,9.14
Windsor,-3.378378378378372,297.6,4.36
