unit,change,cases,deaths
London,13.63636363636364,122.6,3.38
Durham,12.827988338192426,171.9,5.05
Halton,-31.034482758620683,153.8,4.09
Hamilton,19.565217391304344,176.1,4.39
Ottawa,-20.93596059113301,144.1,4.41
Waterloo,-35.35031847133759,177.6,3.75
Windsor,-42.352941176470594,298.7,9.29
