unit,change,cases,deaths
London,-26.966292134831463,122.1,3.38
Durham,-12.531969309462923,169.8,3.75
Halton,45.070422535211264,152.7,3.97
Hamilton,-26.203208556149733,175.0,4.37
Ottawa,-3.8216560509554114,143.3,5.0
Waterloo,101.81818181818181,176.4,9.14
Windsor,-25.748502994011986,297.7,4.38
