unit,change,cases,deaths
London,-13.095238095238088,122.4,3.36
Durham,-15.656565656565661,170.2,5.02
Halton,32.14285714285714,152.7,4.02
Hamilton,-18.285714285714278,175.4,4.39
Ottawa,-10.548523206751057,143.5,4.39
Waterloo,38.235294117647044,176.7,3.75
Windsor,-32.222222222222214,298.1,9.24
