unit,change,cases,deaths
London,59.18367346938774,121.6,3.33
Durham,46.743295019157074,168.2,4.96
Halton,-21.73913043478261,151.5,3.87
Hamilton,-14.857142857142861,174.4,4.32
Ottawa,28.219178082191775,141.8,4.35
Waterloo,46.66666666666666,174.7,3.66
Windsor,181.8181818181818,296.9,9.03
