unit,change,cases,deaths
London,-2.941176470588232,121.8,3.34
Durham,-7.0460704607046125,169.3,9.12
Halton,20.118343195266263,152.5,4.33
Hamilton,-29.230769230769226,174.7,3.97
Ottawa,-23.396226415094333,142.6,3.68
Waterloo,115.06849315068496,176.0,4.98
Windsor,44.067796610169495,297.5,4.37
