unit,change,cases,deaths
London,38.18181818181819,121.8,3.34
Durham,14.5631067961165,168.5,4.98
Halton,-10.810810810810807,152.0,3.92
Hamilton,-33.50515463917526,174.4,4.32
Ottawa,2.0737327188940213,142.1,4.36
Waterloo,58.823529411764696,175.2,3.66
Windsor,125.3012048192771,297.3,9.03
