unit,change,cases,deaths
London,-70.1219512195122,120.9,3.26
Durham,2.35294117647058,165.5,4.88
Halton,-28.404669260700388,150.2,3.82
Hamilton,-32.95019157088123,173.2,4.29
Ottawa,20.065789473684205,139.5,4.32
Waterloo,-53.125,172.8,3.66
Windsor,-68.26923076923077,294.7,8.77
