unit,change,cases,deaths
London,-58.33333333333333,121.0,3.26
Durham,36.12334801762114,166.0,4.89
Halton,-20.600858369098717,150.4,3.83
Hamilton,-10.18518518518519,173.2,4.29
Ottawa,62.546816479400746,140.0,3.66
Waterloo,-47.781569965870304,172.9,4.33
Windsor,-57.86802030456853,295.1,8.79
