unit,change,cases,deaths
London,28.448275862068982,125.7,3.41
Durham,39.541547277936985,179.6,5.37
Halton,2.8925619834710687,158.7,3.75
Hamilton,12.080536912751683,182.9,4.46
Ottawa,13.023255813953497,149.5,4.55
Waterloo,-25.837320574162675,180.9,9.47
Windsor,20.945945945945937,303.1,4.18
