unit,change,cases,deaths
London,23.529411764705884,121.5,3.33
Durham,77.57847533632287,167.8,4.32
Halton,-27.461139896373055,151.2,4.36
Hamilton,21.52777777777777,174.1,3.87
Ottawa,41.49253731343282,141.4,8.95
Waterloo,32.467532467532465,174.4,4.95
Windsor,76.47058823529412,296.6,3.66
