unit,change,cases,deaths
London,55.71428571428572,123.6,3.38
Durham,18.181818181818187,173.7,5.19
Halton,52.348993288590606,155.1,4.11
Hamilton,54.93827160493828,178.4,4.4
Ottawa,8.077994428969347,145.8,4.44
Waterloo,-8.547008547008545,179.0,3.75
Windsor,57.446808510638306,300.0,9.38
