unit,change,cases,deaths
London,47.413793103448256,126.1,3.41
Durham,75.22658610271904,180.8,4.18
Halton,5.394190871369304,158.9,5.37
Hamilton,-25.815217391304344,183.1,4.49
Ottawa,20.25862068965519,150.2,3.75
Waterloo,-0.526315789473685,181.2,9.47
Windsor,12.5,303.2,4.56
