unit,change,cases,deaths
London,-9.589041095890423,123.0,3.38
Durham,8.383233532934128,172.9,5.12
Halton,0.0,154.5,4.09
Hamilton,42.65734265734267,177.4,4.4
Ottawa,-30.424528301886795,145.0,4.43
Waterloo,-33.68794326241135,178.3,3.75
Windsor,-0.8196721311475414,299.5,9.36
