unit,change,cases,deaths
London,-36.44859813084113,121.3,3.26
Durham,69.26605504587155,166.7,4.89
Halton,-17.5609756097561,150.7,3.83
Hamilton,2.631578947368425,173.5,4.3
Ottawa,108.66141732283464,140.5,4.34
Waterloo,-40.89068825910931,173.1,8.86
Windsor,-26.25,295.6,3.66
