unit,change,cases,deaths
London,11.290322580645153,122.7,3.38
Durham,2.593659942363118,172.2,4.4
Halton,-29.90654205607477,154.0,5.09
Hamilton,24.817518248175176,176.5,4.09
Ottawa,-36.94690265486725,144.4,9.29
Waterloo,-48.126801152737755,177.8,3.75
Windsor,-21.67832167832168,299.0,4.42
